seq	ts_ms	hash	label	file
0000	28	2df97fcee336	pty-data	frame_0000_2df97fcee336.txt
0001	1102	960c13aeac6f	pty-data	frame_0001_960c13aeac6f.txt
0002	1102	a5ccd5b45e25	pty-data	frame_0002_a5ccd5b45e25.txt
0003	1214	8a27b7d8bbf1	pty-data	frame_0003_8a27b7d8bbf1.txt
0004	1385	bd067dacf1ad	pty-data	frame_0004_bd067dacf1ad.txt
0005	1385	0e3cdc386dad	pty-data	frame_0005_0e3cdc386dad.txt
0006	1516	9fa9fe4eab82	pty-data	frame_0006_9fa9fe4eab82.txt
0007	1624	28460035bbd9	pty-data	frame_0007_28460035bbd9.txt
0008	1749	3088c722cf7e	pty-data	frame_0008_3088c722cf7e.txt
0009	1750	621d32e5ba16	pty-data	frame_0009_621d32e5ba16.txt
0010	1751	2e04fa79ad9b	pty-data	frame_0010_2e04fa79ad9b.txt
0011	1751	0792da186cf6	pty-data	frame_0011_0792da186cf6.txt
0012	1775	daaa5ce68523	pty-data	frame_0012_daaa5ce68523.txt
0013	1866	23dae0a639d7	pty-data	frame_0013_23dae0a639d7.txt
0014	1970	ca8712cdbb81	pty-data	frame_0014_ca8712cdbb81.txt
0015	2229	2fdc0913910d	pty-data	frame_0015_2fdc0913910d.txt
0016	2332	d51761b0a105	pty-data	frame_0016_d51761b0a105.txt
0017	2428	6383745af914	pty-data	frame_0017_6383745af914.txt
0018	2436	6c05f8d06f9d	pty-data	frame_0018_6c05f8d06f9d.txt
0019	2591	8a275672df3c	pty-data	frame_0019_8a275672df3c.txt
0020	2694	e70d244dd7ac	pty-data	frame_0020_e70d244dd7ac.txt
0021	2953	75e7bd3a5cf8	pty-data	frame_0021_75e7bd3a5cf8.txt
0022	3058	a16e0ad46553	pty-data	frame_0022_a16e0ad46553.txt
0023	3167	1a0c27f066cf	pty-data	frame_0023_1a0c27f066cf.txt
0024	3320	596bf4f056b9	pty-data	frame_0024_596bf4f056b9.txt
0025	3428	c0cd19dd35ec	pty-data	frame_0025_c0cd19dd35ec.txt
0026	3637	0dd254cc3e75	pty-data	frame_0026_0dd254cc3e75.txt
0027	3795	a606713f8da7	pty-data	frame_0027_a606713f8da7.txt
0028	3897	bbf13fdeb572	pty-data	frame_0028_bbf13fdeb572.txt
0029	3923	849fa22bd5c9	pty-data	frame_0029_849fa22bd5c9.txt
0030	4005	8478bcd0b8d4	pty-data	frame_0030_8478bcd0b8d4.txt
0031	4111	e041a7606473	pty-data	frame_0031_e041a7606473.txt
0032	4374	67bc4ddce650	pty-data	frame_0032_67bc4ddce650.txt
0033	4472	85df96d9e6e0	pty-data	frame_0033_85df96d9e6e0.txt
0034	4625	b464b043d432	pty-data	frame_0034_b464b043d432.txt
0035	4727	396464537a4f	pty-data	frame_0035_396464537a4f.txt
0036	4879	5c56e9c8715c	pty-data	frame_0036_5c56e9c8715c.txt
0037	5047	5b66a5522785	pty-data	frame_0037_5b66a5522785.txt
0038	5059	69abb6d3d5a8	pty-data	frame_0038_69abb6d3d5a8.txt
0039	5097	30076bd63750	pty-data	frame_0039_30076bd63750.txt
0040	5207	c336186e691d	pty-data	frame_0040_c336186e691d.txt
0041	5310	ae223612b5bf	pty-data	frame_0041_ae223612b5bf.txt
0042	5467	051207959342	pty-data	frame_0042_051207959342.txt
0043	5570	9f427b1504f2	pty-data	frame_0043_9f427b1504f2.txt
0044	5835	ec7caacbf6da	pty-data	frame_0044_ec7caacbf6da.txt
0045	5938	62929f28f150	pty-data	frame_0045_62929f28f150.txt
0046	6051	3e164b35292c	pty-data	frame_0046_3e164b35292c.txt
0047	6151	5fb53f2969b1	pty-data	frame_0047_5fb53f2969b1.txt
0048	6310	3426bf332fb1	pty-data	frame_0048_3426bf332fb1.txt
0049	6525	0fcc56797f81	pty-data	frame_0049_0fcc56797f81.txt
0050	6632	07f83c3c9d1d	pty-data	frame_0050_07f83c3c9d1d.txt
0051	6790	9eeb0d94ba09	pty-data	frame_0051_9eeb0d94ba09.txt
0052	6892	904db91e4c4b	pty-data	frame_0052_904db91e4c4b.txt
0053	6998	0ba14287774d	pty-data	frame_0053_0ba14287774d.txt
0054	7261	59bf7131a709	pty-data	frame_0054_59bf7131a709.txt
0055	7366	cc76c0f97d75	pty-data	frame_0055_cc76c0f97d75.txt
0056	7468	17ba6892bb4e	pty-data	frame_0056_17ba6892bb4e.txt
0057	7624	948878986c8d	pty-data	frame_0057_948878986c8d.txt
0058	7731	2dc240ff50d6	pty-data	frame_0058_2dc240ff50d6.txt
0059	7993	715e1ed17c82	pty-data	frame_0059_715e1ed17c82.txt
0060	8098	a5951dc5bbb1	pty-data	frame_0060_a5951dc5bbb1.txt
0061	8207	885c64531c88	pty-data	frame_0061_885c64531c88.txt
0062	8358	291e24cf9964	pty-data	frame_0062_291e24cf9964.txt
0063	8461	5d28956dc4bd	pty-data	frame_0063_5d28956dc4bd.txt
0064	8675	0f2bb57f482f	pty-data	frame_0064_0f2bb57f482f.txt
0065	8827	b830bce3d5b9	pty-data	frame_0065_b830bce3d5b9.txt
0066	8929	689eb7a830ef	pty-data	frame_0066_689eb7a830ef.txt
0067	9034	f90edb766ce8	pty-data	frame_0067_f90edb766ce8.txt
0068	9186	ac84544b94a7	pty-data	frame_0068_ac84544b94a7.txt
0069	9282	530aeb9d8488	pty-data	frame_0069_530aeb9d8488.txt
0070	9289	ce7a6fc71520	pty-data	frame_0070_ce7a6fc71520.txt
0071	9289	ed5b0a1968d6	pty-data	frame_0071_ed5b0a1968d6.txt
0072	9395	4dee92960399	pty-data	frame_0072_4dee92960399.txt
0073	9552	8f528e138d50	pty-data	frame_0073_8f528e138d50.txt
0074	9654	a64a7799d001	pty-data	frame_0074_a64a7799d001.txt
0075	9763	87662fc57949	pty-data	frame_0075_87662fc57949.txt
0076	9914	64632547e307	pty-data	frame_0076_64632547e307.txt
0077	10120	63808f76c0a1	pty-data	frame_0077_63808f76c0a1.txt
0078	10276	c33376057c39	pty-data	frame_0078_c33376057c39.txt
0079	10384	65cd212dcc74	pty-data	frame_0079_65cd212dcc74.txt
0080	10484	ddf38844134f	pty-data	frame_0080_ddf38844134f.txt
0081	10638	482442c78909	pty-data	frame_0081_482442c78909.txt
0082	10852	b1d900b7cd0c	pty-data	frame_0082_b1d900b7cd0c.txt
0083	10954	3d659f49bf28	pty-data	frame_0083_3d659f49bf28.txt
0084	11113	d576acda1539	pty-data	frame_0084_d576acda1539.txt
0085	11174	eeff7a1eb74e	pty-data	frame_0085_eeff7a1eb74e.txt
0086	11183	1a43461db6c6	pty-data	frame_0086_1a43461db6c6.txt
0087	11184	538c9110b501	pty-data	frame_0087_538c9110b501.txt
0088	11202	b2a684028c38	pty-data	frame_0088_b2a684028c38.txt
0089	11203	0e623f1313d1	pty-data	frame_0089_0e623f1313d1.txt
